SMILES,model_0_yprob,model_1_yprob,average_yprob,lipinski,ghose,veber,pass_all_filters
CCO,0.7560077491307466,0.7134220294234662,0.7347148892771065,True,False,True,False
CC(=O)O,0.7852427967654343,0.719628043498962,0.7524354201321981,True,False,True,False
C1=CC=CC=C1,0.8351154284504113,0.8402402691023959,0.8376778487764036,True,False,True,False
CCN(CC)CC,0.7361906289127628,0.6965247022536979,0.7163576655832303,True,False,True,False
CN(C)C=O,0.773948773890572,0.7134220294234662,0.7436854016570191,True,False,True,False
