TestFile,Accuracy,Precision,Recall,F1 Score,AUC-ROC,AUC-PR,MCC,Cohen Kappa,balanced_accuracy,PlatePPV,DivPlatePPV
sampled_data_test_1.parquet,0.9181818181818182,0.9174311926605505,1.0,0.9569377990430622,0.9410000000000001,0.9940951437975054,0.3028912664076913,0.16806722689075615,0.55,0.9174311926605505,0.8368055555555555
sampled_data_test_2.parquet,0.9090909090909091,0.9090909090909091,1.0,0.9523809523809523,0.6944999999999999,0.9568404216661905,0.0,0.0,0.5,0.8515625,0.8019607843137255
