TestFile,Accuracy,Precision,Recall,F1 Score,AUC-ROC,AUC-PR,MCC,Cohen Kappa,balanced_accuracy,PlatePPV,DivPlatePPV
sampled_data_test_1.parquet,0.9090909090909091,0.9090909090909091,1.0,0.9523809523809523,0.977,0.9977251485834113,0.0,0.0,0.5,0.9090909090909091,0.8418079096045198
sampled_data_test_2.parquet,0.9090909090909091,0.9090909090909091,1.0,0.9523809523809523,0.7227500000000001,0.9648919770222789,0.0,0.0,0.5,1.0,0.8347953216374269
