TestFile,Accuracy,Precision,Recall,F1 Score,AUC-ROC,MCC,Cohen Kappa
sampled_data_test_1.parquet,0.9090909090909091,0.9090909090909091,1.0,0.9523809523809523,0.9600000000000001,0.0,0.0
sampled_data_test_2.parquet,0.9090909090909091,0.9090909090909091,1.0,0.9523809523809523,0.8405,0.0,0.0
