SMILES,model_0_yprob,model_1_yprob,average_yprob,lipinski,ghose,veber,pass_all_filters
CCO,0.0066666666666666,0.0,0.0033333333333333,True,False,True,False
CC(=O)O,0.0066666666666666,0.0,0.0033333333333333,True,False,True,False
C1=CC=CC=C1,0.0066666666666666,0.0066666666666666,0.0066666666666666,True,False,True,False
CCN(CC)CC,0.0,0.0066666666666666,0.0033333333333333,True,False,True,False
CN(C)C=O,0.0066666666666666,0.0,0.0033333333333333,True,False,True,False
