SMILES,model_0_yprob,model_1_yprob,average_yprob
CCO,0.006666666666666667,0.0,0.0033333333333333335
CC(=O)O,0.006666666666666667,0.0,0.0033333333333333335
C1=CC=CC=C1,0.006666666666666667,0.006666666666666667,0.006666666666666667
CCN(CC)CC,0.0,0.006666666666666667,0.0033333333333333335
CN(C)C=O,0.006666666666666667,0.0,0.0033333333333333335
